title,author,date
"<span class=""title"">Flying down a rainbow</span>","<span class=""subtitle"">Homer King Gordon</span>",
"<span class=""title"">Trevlyn Hold: A Novel</span>","<span class=""subtitle"">Mrs. Henry Wood</span>",
"<span class=""title"">Kartilyang Makabayan (Tagalog)</span>","<span class=""subtitle"">Hermenegildo Cruz</span>",
"<span class=""title"">In Midsummer Days, and Other Tales</span>","<span class=""subtitle"">August Strindberg</span>",
"<span class=""title"">Elämän hawainnoita 04: Kontti=Anna; Ruoti=ukko (Finnish)</span>","<span class=""subtitle"">Pietari Päivärinta</span>",
"<span class=""title"">Le Fantôme de l'Opéra (French)</span>","<span class=""subtitle"">Gaston Leroux</span>",
"<span class=""title"">El castigo sin venganza :  Tragedia (Spanish)</span>","<span class=""subtitle"">Lope de Vega</span>",
"<span class=""title"">The Newmarket, Bury, Thetford and Cromer Road</span>","<span class=""subtitle"">Charles G. Harper</span>",
"<span class=""title"">Pakenevien parissa :  Kertomuksia (Finnish)</span>","<span class=""subtitle"">Marja Salmela</span>",
"<span class=""title"">Where the Twain Meet</span>","<span class=""subtitle"">Mary Gaunt</span>",
"<span class=""title"">Legends of Florence: Collected from the People, First Series</span>","<span class=""subtitle"">Charles Godfrey Leland</span>",
"<span class=""title"">Historic Waterways—Six Hundred Miles of Canoeing Down the Rock, Fox, and Wisconsin Rivers</span>","<span class=""subtitle"">Reuben Gold Thwaites</span>",
"<span class=""title"">Reports of the Committee on the Conduct of the War
</span>","<span class=""subtitle"">United States. Congress. Joint Committee on the Conduct of the War, B. F. Wade, and Daniel W. Gooch</span>",
"<span class=""title"">Burgo's Romance</span>","<span class=""subtitle"">T. W. Speight</span>",
"<span class=""title"">With Lee in Virginia: A Story of the American Civil War</span>","<span class=""subtitle"">G. A. Henty</span>",
"<span class=""title"">Testamento Poetico-Anachreontico (Portuguese)</span>","<span class=""subtitle"">João de Figueiredo Maio e Lima</span>",
"<span class=""title"">""No. 101""</span>","<span class=""subtitle"">Wymond Carey</span>",
"<span class=""title"">A Visit to the Sarö and Shera Yögurs</span>","<span class=""subtitle"">Carl Gustaf Emil Mannerheim</span>",
"<span class=""title"">The Great Conspiracy, Volume 5</span>","<span class=""subtitle"">John Alexander Logan</span>",
"<span class=""title"">The Mentor: Bolivia, vol. 5, Num. 18, Serial 142, November 1, 1917</span>","<span class=""subtitle"">E. M. Newman</span>",
