Theater Name,Address,Borough,URL,Company,Source,Notes,Open Caption Status,Open Caption Evidence URL,Open Caption Note
AMC Bay Plaza Cinema 13,"2210 Bartow Avenue, Bronx, NY 10475",Bronx,https://www.amctheatres.com/movie-theatres/new-york-city/amc-bay-plaza-cinema-13,AMC,RentHop,,Confirmed - chain policy page only,https://www.amctheatres.com/open-caption,"Open captions are not mentioned on this specific theater's own page. Confirmation exists only on the chain's brand-wide accessibility/policy page, which does not confirm participation at this specific location."
Regal Concourse,"214 East 161st Street, Bronx, NY 10451",Bronx,https://www.regmovies.com/theatres/regal-concourse-1486,Regal,RentHop,,Confirmed - chain policy page only,https://www.regmovies.com/captioning-and-descriptive-video,"Open captions are not mentioned on this specific theater's own page. Confirmation exists only on the chain's brand-wide accessibility/policy page, which does not confirm participation at this specific location."
Regal UA Sheepshead Bay,"3907 Shore Pkwy, Brooklyn, NY 11235",Brooklyn,https://www.regmovies.com/theatres/regal-ua-sheepshead-bay-1159,Regal,RentHop,,Confirmed - chain policy page only,https://www.regmovies.com/captioning-and-descriptive-video,"Open captions are not mentioned on this specific theater's own page. Confirmation exists only on the chain's brand-wide accessibility/policy page, which does not confirm participation at this specific location."
Alamo Drafthouse Downtown Brooklyn,"445 Albee Square West, Brooklyn, NY 11201",Brooklyn,https://drafthouse.com/nyc/theater/downtown-brooklyn,Alamo Drafthouse,RentHop,,Confirmed - chain policy page only,https://drafthouse.com/program/open-caption-screenings,"Open captions are not mentioned on this specific theater's own page. Confirmation exists only on the chain's brand-wide accessibility/policy page, which does not confirm participation at this specific location."
Nitehawk Cinema Prospect Park,"188 Prospect Park West, Brooklyn, NY 11215",Brooklyn,https://nitehawkcinema.com/prospectpark/,Nitehawk Cinema,Both,Also listed on NYC Movie Theaters Tumblr,Confirmed - theater page,https://nitehawkcinema.com/prospectpark/film-series/open-captions/,Open captions are explicitly named on this theater's own website.
Nitehawk Cinema Williamsburg,"136 Metropolitan Ave, Brooklyn, NY 11249",Brooklyn,https://nitehawkcinema.com/williamsburg/,Nitehawk Cinema,RentHop,,Confirmed - theater page,https://nitehawkcinema.com/williamsburg/film-series/open-captions/,Open captions are explicitly named on this theater's own website.
Spectacle,"124 S 3rd St, Brooklyn, NY 11249",Brooklyn,https://www.spectacletheater.com/,Independent,RentHop,,Not found,,No mention of open captions was found on this theater's website in a targeted search.
Syndicated,"40 Bogart St, Brooklyn, NY 11206",Brooklyn,https://syndicatedbk.com/,Independent,RentHop,,Not found,,No mention of open captions was found on this theater's website in a targeted search.
Alpine Cinema,"6817 5th Ave, Bay Ridge, Brooklyn, NY 11220",Brooklyn,https://www.alpinecinemas.com/,Independent,RentHop,,Confirmed - theater page,https://www.alpinecinemas.com/Now-Playing/wicked-for-good-open-caption-on-screen-subtitles.html,Open captions are explicitly named on this theater's own website.
BAM Rose Cinemas,"30 Lafayette Ave, Brooklyn, NY 11217",Brooklyn,https://www.bam.org/rentals/peter-jay-sharp-building/bam-rose-cinemas,BAM (nonprofit),Both,Also listed on NYC Movie Theaters Tumblr,Confirmed - theater page,https://www.bam.org/accessibility,Open captions are explicitly named on this theater's own website.
Stuart Cinema,"79 West St., Brooklyn, NY 11222",Brooklyn,https://www.stuartcinema.com/,Independent,RentHop,,Not found,,No mention of open captions was found on this theater's website in a targeted search.
Williamsburg Cinemas,"217 Grand St, Brooklyn, NY 11211",Brooklyn,https://www.hk-cinemas.com/locations/williamsburg-cinemas,HK Cinemas,Both,Also listed on NYC Movie Theaters Tumblr,Confirmed - theater page,https://www.hk-cinemas.com/locations/williamsburg-cinemas/movie/together-early-access,Open captions are explicitly named on this theater's own website.
Cobble Hill Cinemas,"265 Court St, Brooklyn, NY 11231",Brooklyn,https://www.hk-cinemas.com/movie-theatres/new-york/brooklyn/cobble-hill-cinemas,HK Cinemas,Both,Also listed on NYC Movie Theaters Tumblr,Confirmed - theater page,https://www.hk-cinemas.com/Seats/00001-00001-00001/94654/54,Open captions are explicitly named on this theater's own website.
Kent Theater,"1170 Coney Island Ave, Brooklyn, NY 11230",Brooklyn,https://www.kenttheater.com/,Independent,RentHop,,Not found,,No mention of open captions was found on this theater's website in a targeted search.
Film Noir Cinema,"122 Meserole Ave, Brooklyn, NY 11222",Brooklyn,https://www.filmnoircinema.com/,Independent,RentHop,,Not found,,No mention of open captions was found on this theater's website in a targeted search.
AMC Empire 25,"234 West 42nd Street, New York, NY 10036",Manhattan,https://www.amctheatres.com/movie-theatres/new-york-city/amc-empire-25,AMC,RentHop,,Confirmed - chain policy page only,https://www.amctheatres.com/open-caption,"Open captions are not mentioned on this specific theater's own page. Confirmation exists only on the chain's brand-wide accessibility/policy page, which does not confirm participation at this specific location."
AMC 84th Street 6,"2310 Broadway, New York, NY 10024",Manhattan,https://www.amctheatres.com/movie-theatres/new-york-city/amc-84th-street-6,AMC,RentHop,,Confirmed - chain policy page only,https://www.amctheatres.com/open-caption,"Open captions are not mentioned on this specific theater's own page. Confirmation exists only on the chain's brand-wide accessibility/policy page, which does not confirm participation at this specific location."
AMC Orpheum 7,"1538 Third Ave, New York, NY 10028",Manhattan,https://www.amctheatres.com/movie-theatres/new-york-city/amc-orpheum-7,AMC,RentHop,,Confirmed - chain policy page only,https://www.amctheatres.com/open-caption,"Open captions are not mentioned on this specific theater's own page. Confirmation exists only on the chain's brand-wide accessibility/policy page, which does not confirm participation at this specific location."
AMC Village 7,"66 Third Ave, New York, NY 10003",Manhattan,https://www.amctheatres.com/movie-theatres/new-york-city/amc-village-7,AMC,RentHop,,Confirmed - chain policy page only,https://www.amctheatres.com/open-caption,"Open captions are not mentioned on this specific theater's own page. Confirmation exists only on the chain's brand-wide accessibility/policy page, which does not confirm participation at this specific location."
AMC 19th St. East 6,"890 Broadway, New York, NY 10003",Manhattan,https://www.amctheatres.com/movie-theatres/new-york-city/amc-19th-st-east-6,AMC,RentHop,,Confirmed - chain policy page only,https://www.amctheatres.com/open-caption,"Open captions are not mentioned on this specific theater's own page. Confirmation exists only on the chain's brand-wide accessibility/policy page, which does not confirm participation at this specific location."
AMC Lincoln Square 13,"1998 Broadway, New York, NY 10023",Manhattan,https://www.amctheatres.com/movie-theatres/new-york-city/amc-lincoln-square-13,AMC,RentHop,,Confirmed - chain policy page only,https://www.amctheatres.com/open-caption,"Open captions are not mentioned on this specific theater's own page. Confirmation exists only on the chain's brand-wide accessibility/policy page, which does not confirm participation at this specific location."
AMC 34th Street 14,"312 West 34th Street, New York, NY 10001",Manhattan,https://www.amctheatres.com/movie-theatres/new-york-city/amc-34th-street-14,AMC,RentHop,,Confirmed - chain policy page only,https://www.amctheatres.com/open-caption,"Open captions are not mentioned on this specific theater's own page. Confirmation exists only on the chain's brand-wide accessibility/policy page, which does not confirm participation at this specific location."
AMC Kips Bay 15,"570 Second Avenue, New York, NY 10016",Manhattan,https://www.amctheatres.com/movie-theatres/new-york-city/amc-kips-bay-15,AMC,RentHop,,Confirmed - chain policy page only,https://www.amctheatres.com/open-caption,"Open captions are not mentioned on this specific theater's own page. Confirmation exists only on the chain's brand-wide accessibility/policy page, which does not confirm participation at this specific location."
AMC Magic Johnson Harlem 9,"2309 Frederick Douglass Blvd, New York, NY 10027",Manhattan,https://www.amctheatres.com/movie-theatres/new-york-city/amc-magic-johnson-harlem-9,AMC,RentHop,,Confirmed - chain policy page only,https://www.amctheatres.com/open-caption,"Open captions are not mentioned on this specific theater's own page. Confirmation exists only on the chain's brand-wide accessibility/policy page, which does not confirm participation at this specific location."
Regal Essex Crossing,"129 Delancey Street, New York, NY 10002",Manhattan,https://www.regmovies.com/theatres/regal-essex-crossing-1412,Regal,RentHop,,Confirmed - chain policy page only,https://www.regmovies.com/captioning-and-descriptive-video,"Open captions are not mentioned on this specific theater's own page. Confirmation exists only on the chain's brand-wide accessibility/policy page, which does not confirm participation at this specific location."
Regal Times Square,"247 W. 42nd St., New York, NY 10036",Manhattan,https://www.regmovies.com/theatres/regal-times-square-1929,Regal,RentHop,,Confirmed - chain policy page only,https://www.regmovies.com/captioning-and-descriptive-video,"Open captions are not mentioned on this specific theater's own page. Confirmation exists only on the chain's brand-wide accessibility/policy page, which does not confirm participation at this specific location."
Regal Battery Park,"102 North End Ave., New York, NY 10282",Manhattan,https://www.regmovies.com/theatres/regal-battery-park-1335,Regal,RentHop,,Confirmed - chain policy page only,https://www.regmovies.com/captioning-and-descriptive-video,"Open captions are not mentioned on this specific theater's own page. Confirmation exists only on the chain's brand-wide accessibility/policy page, which does not confirm participation at this specific location."
Regal Union Square,"850 Broadway, New York, NY 10003",Manhattan,https://www.regmovies.com/theatres/regal-union-square-screenx-4dx-1320,Regal,RentHop,,Confirmed - chain policy page only,https://www.regmovies.com/captioning-and-descriptive-video,"Open captions are not mentioned on this specific theater's own page. Confirmation exists only on the chain's brand-wide accessibility/policy page, which does not confirm participation at this specific location."
Alamo Drafthouse Lower Manhattan,"28 Liberty Street, Suite SC301, New York, NY 10005",Manhattan,https://drafthouse.com/nyc/theater/lower-manhattan,Alamo Drafthouse,Both,Also listed on NYC Movie Theaters Tumblr (opened Oct 18 2021),Confirmed - chain policy page only,https://drafthouse.com/program/open-caption-screenings,"Open captions are not mentioned on this specific theater's own page. Confirmation exists only on the chain's brand-wide accessibility/policy page, which does not confirm participation at this specific location."
Angelika New York,"18 W. Houston St., New York, NY 10012",Manhattan,https://angelikafilmcenter.com/nyc,Angelika Film Center,Both,Also listed on NYC Movie Theaters Tumblr,Confirmed - theater page,https://www.angelikafilmcenter.com/nyc/showtimes-and-tickets/special-screen/open-captions/now-playing,Open captions are explicitly named on this theater's own website.
Village East by Angelika,"181-189 2nd Ave, New York, NY 10003",Manhattan,https://angelikafilmcenter.com/villageeast,Angelika Film Center,RentHop,,Confirmed - theater page,https://angelikafilmcenter.com/villageeast/showtimes-and-tickets/special-screen/open-captions/coming-soon,Open captions are explicitly named on this theater's own website.
Cinema 123 by Angelika,"1001 3rd Ave, New York, NY 10022",Manhattan,https://angelikafilmcenter.com/cinemas123,Angelika Film Center,RentHop,,Confirmed - theater page,https://www.angelikafilmcenter.com/cinemas123/film/the-little-mermaid,Open captions are explicitly named on this theater's own website.
Metrograph,"7 Ludlow, New York, NY 10002",Manhattan,https://metrograph.com/nyc/,Independent,Both,Also listed on NYC Movie Theaters Tumblr,Not found,,No mention of open captions was found on this theater's website in a targeted search.
Maysles Documentary Center,"343 Lenox Ave, New York, NY 10027",Manhattan,https://www.maysles.org/,Nonprofit,RentHop,,Not found,,No mention of open captions was found on this theater's website in a targeted search.
IFC Center,"323 6th Ave, New York, NY 10014",Manhattan,https://www.ifccenter.com/,Independent,RentHop,,Confirmed - theater page,https://www.ifccenter.com/accessibility/,Open captions are explicitly named on this theater's own website.
Film Forum,"209 W Houston St, New York, NY 10014",Manhattan,https://filmforum.org/,Nonprofit,Both,Also listed on NYC Movie Theaters Tumblr,Confirmed - theater page,https://filmforum.org/film/life-after,Open captions are explicitly named on this theater's own website.
Anthology Film Archives,"32 Second Avenue, New York, NY 10003",Manhattan,https://www.anthologyfilmarchives.org/,Nonprofit,Both,Also listed on NYC Movie Theaters Tumblr,Not found,,No mention of open captions was found on this theater's website in a targeted search.
Paris Theater,"4 West 58th Street, New York, NY 10019",Manhattan,https://www.paristheaternyc.com/,Netflix,Both,Also listed on NYC Movie Theaters Tumblr,Confirmed - theater page,https://www.paristheaternyc.com/film/nonnas-open-captioning,Open captions are explicitly named on this theater's own website.
Roxy Cinema,"2 6th Avenue Cellar Level, New York, NY 10013",Manhattan,https://www.roxycinemanewyork.com/,Independent,Both,Also listed on NYC Movie Theaters Tumblr,Not found,,No mention of open captions was found on this theater's website in a targeted search.
Quad Cinema,"34 W. 13th Street, New York, NY 10011",Manhattan,https://quadcinema.com/,Independent,RentHop,,Confirmed - theater page,https://quadcinema.com/film/steve/,Open captions are explicitly named on this theater's own website.
Film at Lincoln Center,"165 W 65th St, New York, NY 10023",Manhattan,https://www.filmlinc.org/,Nonprofit,Both,"Also on Tumblr; includes Elinor Bunin Munroe Film Center, Francesca Beale, Howard Gilman & Walter Reade theaters",Confirmed - theater page,https://www.filmlinc.org/visit-us/,Open captions are explicitly named on this theater's own website.
Cinema Village,"22 E 12th St, New York, NY 10003",Manhattan,https://www.cinemavillage.com/,Independent,RentHop,,Confirmed - theater page,https://www.cinemavillage.com/Now-Playing/eternity-open-caption-on-screen-subtitles.html,Open captions are explicitly named on this theater's own website.
New Plaza Cinema,"35 W 67th St, New York, NY 10023",Manhattan,https://newplazacinema.org/,Nonprofit,RentHop,,Not found,,No mention of open captions was found on this theater's website in a targeted search.
Metro Private Cinema,"131 8th Ave, New York, NY 10011",Manhattan,https://metrocinema.com/,Private venue,RentHop,,Not found,,No mention of open captions was found on this theater's website in a targeted search.
IPIC Fulton Market,"11 Fulton St, New York, NY 10038",Manhattan,https://www.ipic.com/new-york-city-ny-fulton-market/location,IPIC Theaters,Both,Also listed on NYC Movie Theaters Tumblr,Confirmed - theater page,https://www.ipic.com/movie/24928,Open captions are explicitly named on this theater's own website.
Firehouse Cinema,"87 Lafayette Street, New York, NY 10013",Manhattan,https://firehouse.dctvny.org/,DCTV,RentHop,,Not found,,No mention of open captions was found on this theater's website in a targeted search.
LOOK Dine-In Cinema,"657 W 57th St, New York, NY 10019",Manhattan,https://www.lookcinemas.com/look-home,LOOK Cinemas,RentHop,,Not found,,No mention of open captions was found on this theater's website in a targeted search.
Museum of Modern Art (MoMA),"11 West 53rd Street, New York, NY 10019",Manhattan,https://www.moma.org/calendar/film,Nonprofit,RentHop,,Not found,,No mention of open captions was found on this theater's website in a targeted search.
Florence Gould Hall at FIAF (L'Alliance New York),"55 E 59th St, New York, NY 10022",Manhattan,https://fiaf.org/events/,FIAF / L'Alliance New York,Tumblr,Missing from RentHop list; added from NYC Movie Theaters Tumblr; runs weekly CinéSalon film series,Not found,,No mention of open captions was found on this theater's website in a targeted search.
AMC Bay Terrace 6,"211-01 26th Ave, Bayside, NY 11360",Queens,https://www.amctheatres.com/movie-theatres/new-york-city/amc-bay-terrace-6,AMC,RentHop,,Confirmed - chain policy page only,https://www.amctheatres.com/open-caption,"Open captions are not mentioned on this specific theater's own page. Confirmation exists only on the chain's brand-wide accessibility/policy page, which does not confirm participation at this specific location."
AMC Fresh Meadows 7,"190-02 Horace Harding Blvd., Fresh Meadows, NY 11365",Queens,https://www.amctheatres.com/movie-theatres/new-york-city/amc-fresh-meadows-7,AMC,RentHop,,Confirmed - chain policy page only,https://www.amctheatres.com/open-caption,"Open captions are not mentioned on this specific theater's own page. Confirmation exists only on the chain's brand-wide accessibility/policy page, which does not confirm participation at this specific location."
Cinemart Cinemas,"106-03 Metropolitan Ave, Forest Hills, NY 11375",Queens,https://www.cinemartcinemas.com/,Independent,Both,Also listed on NYC Movie Theaters Tumblr,Confirmed - theater page,https://www.cinemartcinemas.com/Now-Playing/the-drama-open-caption-on-screen-subtitles.html,Open captions are explicitly named on this theater's own website.
Regal Tangram,"133-36 37th Avenue, Flushing, NY 11354",Queens,https://www.regmovies.com/theatres/regal-tangram-4dx-1472,Regal,RentHop,,Confirmed - chain policy page only,https://www.regmovies.com/captioning-and-descriptive-video,"Open captions are not mentioned on this specific theater's own page. Confirmation exists only on the chain's brand-wide accessibility/policy page, which does not confirm participation at this specific location."
Regal UA Midway,"108-22 Queens Blvd, Forest Hills, NY 11375",Queens,https://www.regmovies.com/theatres/regal-ua-midway-1143,Regal,RentHop,,Confirmed - chain policy page only,https://www.regmovies.com/captioning-and-descriptive-video,"Open captions are not mentioned on this specific theater's own page. Confirmation exists only on the chain's brand-wide accessibility/policy page, which does not confirm participation at this specific location."
Regal Atlas Park,"80-28 Cooper Ave, Suite #6216, Glendale, NY 11385",Queens,https://www.regmovies.com/theatres/regal-atlas-park-0688,Regal,RentHop,,Confirmed - chain policy page only,https://www.regmovies.com/captioning-and-descriptive-video,"Open captions are not mentioned on this specific theater's own page. Confirmation exists only on the chain's brand-wide accessibility/policy page, which does not confirm participation at this specific location."
Regal UA Kaufman Astoria,"35-30 38th Street, Long Island City, NY 11101",Queens,https://www.regmovies.com/theatres/regal-ua-kaufman-astoria-rpx-1333,Regal,RentHop,,Confirmed - chain policy page only,https://www.regmovies.com/captioning-and-descriptive-video,"Open captions are not mentioned on this specific theater's own page. Confirmation exists only on the chain's brand-wide accessibility/policy page, which does not confirm participation at this specific location."
Kew Gardens Cinemas,"81-05 Lefferts Blvd, Kew Gardens, NY 11415",Queens,https://www.hk-cinemas.com/movie-theatres/new-york/kew-gardens/kew-gardens-cinema,HK Cinemas,RentHop,,Confirmed - theater page,https://www.hk-cinemas.com/movie/together,Open captions are explicitly named on this theater's own website.
Low Cinema,"70-11 60th St, Ridgewood, NY 11385",Queens,https://lowcinema.com/,Independent,RentHop,,Not found,,No mention of open captions was found on this theater's website in a targeted search.
North Shore Towers Cinema,"27240 Grand Central Pkwy, Floral Park, NY 11005",Queens,https://www.northshoretowerscinema.org/,Independent,RentHop,,Not found,,No mention of open captions was found on this theater's website in a targeted search.
Museum of the Moving Image,"36-01 35th Ave, Queens, NY 11106",Queens,https://movingimage.org/,Nonprofit,RentHop,,Not found,,No mention of open captions was found on this theater's website in a targeted search.
AMC DINE-IN Staten Island 11,"2655 Richmond Avenue, Staten Island, NY 10314",Staten Island,https://www.amctheatres.com/movie-theatres/new-york-city/amc-dine-in-staten-island-11,AMC,RentHop,,Confirmed - chain policy page only,https://www.amctheatres.com/open-caption,"Open captions are not mentioned on this specific theater's own page. Confirmation exists only on the chain's brand-wide accessibility/policy page, which does not confirm participation at this specific location."
Regal Bricktown Charleston,"165 Bricktown Way, Staten Island, NY 10309",Staten Island,https://www.regmovies.com/theatres/regal-bricktown-charleston-1419,Regal,RentHop,,Confirmed - chain policy page only,https://www.regmovies.com/captioning-and-descriptive-video,"Open captions are not mentioned on this specific theater's own page. Confirmation exists only on the chain's brand-wide accessibility/policy page, which does not confirm participation at this specific location."
Alamo Drafthouse Staten Island,"2636 Hylan Blvd, Suite 230, Staten Island, NY 10306",Staten Island,https://drafthouse.com/nyc/theater/staten-island,Alamo Drafthouse,Both,Also listed on NYC Movie Theaters Tumblr,Confirmed - chain policy page only,https://drafthouse.com/program/open-caption-screenings,"Open captions are not mentioned on this specific theater's own page. Confirmation exists only on the chain's brand-wide accessibility/policy page, which does not confirm participation at this specific location."
Atrium Stadium Cinemas,"680 Arthur Kill Rd, Staten Island, NY 10308",Staten Island,https://www.atriumcinemas.com/,Independent (family-run since 1994),Both,Also listed on NYC Movie Theaters Tumblr,Not found,,No mention of open captions was found on this theater's website in a targeted search.